{
  "widgetId": "widget_x",
  "config": {
		"layouts": {
			"layout_4": {
				"type": "FIXED",
				"content": {
					"4": {
						"type": "WIDGET",
						"bbox": {
							"left": "5.00%",
							"right": 14,
							"top": "53.7505%",
							"bottom": 144,
							"width": "90.00%",
							"height": "10.0503%"
						},
						"widgetId": "widget_13",
						"setting": {

							"vCenter": false,
							"hCenter": false
						},
						"isPending": false
					},
					"6": {
						"type": "WIDGET",
						"bbox": {
							"left": "19.00%",
							"right": 46,
							"top": "3.2689%",
							"bottom": "50.2486%",
							"width": "62.00%",
							"height": "45.6790%"
						},
						"widgetId": "widget_14",
						"setting": {

							"vCenter": false,
							"hCenter": false
						},
						"isPending": false
					},
					"7": {
						"type": "WIDGET",
						"bbox": {
							"left": "19.00%",
							"right": "16.7304%",
							"top": "88.3140%",
							"bottom": "4.00%",
							"width": "62.00%",
							"height": 32
						},
						"widgetId": "widget_15",
						"setting": {

							"vCenter": false,
							"hCenter": false,
							"autoProps": {
								"bottom": false,
								"top": true
							}
						},
						"isPending": false
					},
					"8": {
						"type": "WIDGET",
						"bbox": {
							"left": "5.00%",
							"right": "5.0360%",
							"top": "63.7982%",
							"bottom": "13.8426%",
							"width": "90.00%",
							"height": "22.3592%"
						},
						"widgetId": "widget_16",
						"setting": {

							"vCenter": false,
							"hCenter": false
						},
						"isPending": false
					}
				},
				"order": [
					"4",
					"6",
					"7",
					"8"
				],
				"label": "Regular"
			},
			"layout_5": {
				"label": "Hover",
				"type": "FIXED",
				"content": {
					"2": {
						"type": "WIDGET",
						"bbox": {
							"left": "19.00%",
							"right": "16.7341%",
							"top": "86.2385%",
							"bottom": "4.00%",
							"width": "62.00%",
							"height": 32
						},
						"widgetId": "widget_15",
						"setting": {

							"vCenter": false,
							"hCenter": false,
							"autoProps": {
								"bottom": false,
								"top": true
							}
						},
						"isPending": false
					},
					"3": {
						"type": "WIDGET",
						"bbox": {
							"left": 0,
							"right": 0,
							"top": "0.00%",
							"bottom": "28.9782%",
							"width": "100.00%",
							"height": "79.39%"
						},
						"widgetId": "widget_17",
						"setting": {
						}
					},
					"5": {
						"type": "WIDGET",
						"bbox": {
							"left": "5.00%",
							"right": 14,
							"top": "3.1826%",
							"bottom": "86.1024%",
							"width": "90.00%",
							"height": "10.8040%"
						},
						"widgetId": "widget_19",
						"setting": {

							"vCenter": false,
							"hCenter": false
						},
						"isPending": false
					},
					"6": {
						"type": "WIDGET",
						"bbox": {
							"left": "5.00%",
							"right": "5.0472%",
							"top": "13.9840%",
							"bottom": "25.3821%",
							"width": "90.00%",
							"height": "60.6339%"
						},
						"widgetId": "widget_20",
						"setting": {

							"vCenter": false,
							"hCenter": false
						},
						"isPending": false
					}
				},
				"order": [
					"2",
					"3",
					"5",
					"6"
				]
			}
		},
		"widgets": {
			"widget_x": {
				"config": {
					"REGULAR": {
						"enable": true,
						"backgroundStyle": {
							"border": {
								"type": "solid",
								"color": "var(--light-400)",
								"width": "0px"
							},
							"background": {
								"color": "",
								"fillType": "fit",
								"image": {
									"url": ""
								}
							}
						}
					},
					"HOVER": {
						"enable": true,
						"backgroundStyle": {
							"border": {
								"type": "solid",
								"color": "var(--light-400)",
								"width": "0px"
							},
							"boxShadow": {
								"offsetX": "0px",
								"offsetY": "0px",
								"blur": "0px",
								"spread": "0px",
								"color": ""
							},
							"background": {
								"color": "",
								"fillType": "fit",
								"image": {
									"url": ""
								}
							}
						}
					},
					"itemStyle": "STYLE0",
					"direction": "Horizontal",
					"isItemStyleConfirm":  false,
					"isOpenAdvabceSetting": false,
					"isInitialed": true,
					"transitionInfo": {
						"transition": {
							"type": "None",
							"direction": "H"
						},
						"oneByOneEffect": null
					}
				},
				"layouts": {
					"REGULAR": {
						"LARGE": "layout_4"
					},
					"HOVER": {
						"LARGE": "layout_5"
					}
				}
			},
			"widget_13": {
				"uri": "widgets/common/text/",
				"version": "1.2.0",
				"label": "Text 5",
				"config": {
					"text": "",
					"placeholder": "<p style=\"text-align: left;text-align: center;\"><span style=\"font-size: 20px; color: var(--dark-800);\">${cardTemplateTitle}</span></p>",
					"style": {
						"verticalAlign": "start",
						"wrap": true
					}
				},
				"id": "widget_13"
			},
			"widget_14": {
				"uri": "widgets/common/image/",
				"version": "1.2.0",
				"label": "Image 2",
				"config": {
					"functionConfig": {
						"altText": "",
						"toolTip": "",
						"linkParam": {},
						"scale": "Fit",
						"imageParam": {
							"cropParam": {
								"svgViewBox": "0 0 28 28",
								"svgPath": "M28 14c0 7.732-6.268 14-14 14S0 21.732 0 14 6.268 0 14 0s14 6.268 14 14z",
								"cropShape": "circle"
							}
						}
					},
					"styleConfig": {}
				},
				"id": "widget_14"
			},
			"widget_15": {
				"uri": "widgets/common/button/",
				"version": "1.2.0",
				"label": "Button 6",
				"config": {
					"functionConfig": {},
					"styleConfig": {
						"themeStyle": {
							"quickStyleType": "primary"
						},
						"useCustom": false,
						"customStyle": {
							"regular": {
								"iconProps": {
									"color": "var(--white)",
									"size": 14
								}
							},
							"hover": {
								"iconProps": {
									"size": 14
								}
							}
						}
					}
				},
				"id": "widget_15"
			},
			"widget_16": {
				"uri": "widgets/common/text/",
				"version": "1.2.0",
				"label": "Text 6",
				"config": {
					"text": "",
					"placeholder": "<p style=\"text-align: center;\"><span style=\"color: var(--dark-800);\">${contentPlaceholder}</span></p>",
					"style": {
						"verticalAlign": "start",
						"wrap": true
					}
				},
				"id": "widget_16"
			},
			"widget_17": {
				"uri": "widgets/common/image/",
				"version": "1.2.0",
				"label": "Image 3",
				"config": {
					"functionConfig": {
						"altText": "",
						"toolTip": "",
						"linkParam": {},
						"scale": "Fit",
						"imageParam": {}
					},
					"styleConfig": {}
				},
				"id": "widget_17"
			},
			"widget_19": {
				"uri": "widgets/common/text/",
				"version": "1.2.0",
				"label": "Text 7",
				"config": {
					"text": "<p></p>",
					"placeholder": "<p><span style=\"font-size: 20px; color: var(--dark-800);\">${cardTemplateTitle}</span></p>",
					"style": {
						"verticalAlign": "start",
						"wrap": true
					}
				},
				"id": "widget_19"
			},
			"widget_20": {
				"uri": "widgets/common/text/",
				"version": "1.2.0",
				"label": "Text 8",
				"config": {
					"text": "",
					"placeholder": "<p>${contentPlaceholder}</p>",
					"style": {
						"verticalAlign": "start",
						"wrap": true
					}
				},
				"id": "widget_20"
			}
		},
		"views": {},
		"sections": {}
	}
}
